Date,Time,Film,Theatre
27 февраля,21:35,Мадам Паутина,Уссури
27 февраля,21:40,Конец славы,Уссури
27 февраля,21:40,Мастер и Маргарита,Киномакс-Сапфир
27 февраля,21:45,Лёд 3,Иллюзион
27 февраля,21:45,Лёд 3,Океан IMAX
27 февраля,21:50,Мастер и Маргарита,Уссури
27 февраля,22:10,Аргайл: Супершпион,Океан IMAX
27 февраля,22:20,Лёд 3,Киномакс-Сапфир
27 февраля,22:35,Лёд 3,Нептун
27 февраля,22:40,Мастер и Маргарита,Москва
27 февраля,22:40,Мастер и Маргарита,Киномакс-Сапфир
27 февраля,22:50,Нечисть,Москва
27 февраля,23:00,Командир,Океан IMAX
27 февраля,23:00,Командир,Киномакс-Сапфир
27 февраля,23:10,Пчеловод,Черёмушки
27 февраля,23:15,Вонка,Черёмушки
27 февраля,23:20,Лёд 3,Черёмушки
27 февраля,23:20,Командир,Черёмушки
27 февраля,23:25,Лёд 3,Уссури
27 февраля,23:30,Командир,Иллюзион
27 февраля,23:35,Лёд 3,Киномакс-Сапфир
27 февраля,23:40,Нечисть,Киномакс-Сапфир
27 февраля,23:40,Мадам Паутина,Иллюзион
27 февраля,23:45,Нечисть,Океан IMAX
27 февраля,23:45,Конец славы,Уссури
27 февраля,23:50,Холоп 2,Киномакс-Сапфир
27 февраля,23:50,Природа любви,Уссури
27 февраля,23:50,Между нами лето,Уссури
27 февраля,23:55,Нечисть,Иллюзион
27 февраля,23:55,Нечисть,Черёмушки
27 февраля,23:59,Нечисть,Уссури
28 февраля,09:50,Лёд 3,Иллюзион
28 февраля,09:50,Лёд 3,Черёмушки
28 февраля,10:00,Лёд 3,Уссури
28 февраля,10:00,Воздух,Уссури
28 февраля,10:00,Звериный рейс,Нептун
28 февраля,10:00,Командир,Черёмушки
28 февраля,10:00,Миграция,Океан IMAX
28 февраля,10:00,Детектив Табо,Иллюзион
28 февраля,10:00,Между нами лето,Черёмушки
28 февраля,10:00,Мастер и Маргарита,Уссури
28 февраля,10:00,Мастер и Маргарита,Океан IMAX
28 февраля,10:00,Лео,Уссури
28 февраля,10:00,Сезон охоты. Суперкоманда,Иллюзион
28 февраля,10:00,МУЛЬТ в кино. Выпуск №166. Совершенно новый выпуск,Черёмушки
28 февраля,10:10,Детектив Табо,Киномакс-Сапфир
28 февраля,10:15,Лёд 3,Океан IMAX
28 февраля,10:15,Командир,Океан IMAX
28 февраля,10:15,Мастер и Маргарита,Киномакс-Сапфир
28 февраля,10:15,Сезон охоты. Суперкоманда,Черёмушки
28 февраля,10:15,МУЛЬТ в кино. Выпуск №166. Совершенно новый выпуск,Иллюзион
28 февраля,10:20,Супер Крылья. Фильм,Киномакс-Сапфир
28 февраля,10:30,Лёд 3,Киномакс-Сапфир
28 февраля,10:40,Сезон охоты. Суперкоманда,Киномакс-Сапфир
28 февраля,11:00,Воздух,Киномакс-Сапфир
28 февраля,11:00,Детектив Табо,Черёмушки
28 февраля,11:00,Сезон охоты. Суперкоманда,Владивосток
28 февраля,11:10,Командир,Киномакс-Сапфир
28 февраля,11:15,Миграция,Иллюзион
28 февраля,11:15,Миграция,Владивосток
28 февраля,11:30,Звериный рейс,Владивосток
28 февраля,11:45,Три богатыря и Пуп Земли,Иллюзион
28 февраля,11:50,Командир,Москва
28 февраля,11:50,Лёд 3,Киномакс-Сапфир
28 февраля,11:50,Холоп 2,Океан IMAX
28 февраля,11:50,Супер Крылья. Фильм,Нептун
28 февраля,11:55,Лео,Москва
28 февраля,12:00,Мастер и Маргарита,Уссури
28 февраля,12:00,Мастер и Маргарита,Иллюзион
28 февраля,12:10,Свет,Уссури
28 февраля,12:10,Мастер и Маргарита,Черёмушки
28 февраля,12:15,Командир,Уссури
28 февраля,12:15,Миграция,Черёмушки
28 февраля,12:15,Бременские музыканты,Киномакс-Сапфир
28 февраля,12:20,Мастер и Маргарита,Киномакс-Сапфир
28 февраля,12:30,Лёд 3,Киномакс-Сапфир
28 февраля,12:35,Холоп 2,Черёмушки
28 февраля,12:40,Лёд 3,Черёмушки
28 февраля,12:45,Супер Крылья. Фильм,Владивосток
28 февраля,12:50,Лёд 3,Иллюзион
28 февраля,12:50,Воздух,Океан IMAX
28 февраля,12:50,Рыбка Поньо на утесе,Уссури
28 февраля,12:55,Лео,Черёмушки
28 февраля,13:00,Командир,Уссури
28 февраля,13:00,Сезон охоты. Суперкоманда,Владивосток
28 февраля,13:05,Холоп 2,Уссури
28 февраля,13:05,Мастер и Маргарита,Океан IMAX
28 февраля,13:10,Командир,Иллюзион
28 февраля,13:15,Лёд 3,Океан IMAX
28 февраля,13:15,Лёд 3,Киномакс-Сапфир
28 февраля,13:20,Мастер и Маргарита,Киномакс-Сапфир
28 февраля,13:30,Супер Крылья. Фильм,Владивосток
28 февраля,13:30,Сезон охоты. Суперкоманда,Нептун
28 февраля,13:35,Лео,Иллюзион
28 февраля,13:50,Лео,Москва
28 февраля,13:50,Три богатыря и Пуп Земли,Киномакс-Сапфир
28 февраля,14:00,Лёд 3,Киномакс-Сапфир
28 февраля,14:10,Три богатыря и Пуп Земли,Черёмушки
28 февраля,14:15,Рецепт любви,Уссури
28 февраля,14:20,Лёд 3,Москва
28 февраля,14:20,Бременские музыканты,Океан IMAX
28 февраля,14:40,Лёд 3,Владивосток
28 февраля,14:40,Лёд 3,Киномакс-Сапфир
28 февраля,14:50,Супер Крылья. Фильм,Киномакс-Сапфир
28 февраля,14:50,Орион и Тьма,Владивосток
28 февраля,15:00,Лёд 3,Уссури
28 февраля,15:05,Лёд 3,Уссури
28 февраля,15:05,Вонка,Иллюзион
28 февраля,15:05,Бременские музыканты,Черёмушки
28 февраля,15:10,Командир,Нептун
28 февраля,15:10,Командир,Черёмушки
28 февраля,15:15,Мастер и Маргарита,Уссури
28 февраля,15:20,Лёд 3,Киномакс-Сапфир
28 февраля,15:20,Вонка,Черёмушки
28 февраля,15:20,Командир,Владивосток
28 февраля,15:25,Мастер и Маргарита,Киномакс-Сапфир
28 февраля,15:30,Лёд 3,Черёмушки
28 февраля,15:35,Мастер и Маргарита,Уссури
28 февраля,15:35,Бременские музыканты,Уссури
28 февраля,15:45,Командир,Москва
28 февраля,15:45,Командир,Киномакс-Сапфир
28 февраля,15:45,Воздух,Иллюзион
28 февраля,15:45,Три мушкетёра: Миледи,Океан IMAX
28 февраля,15:50,Лёд 3,Иллюзион
28 февраля,15:50,Бременские музыканты,Иллюзион
28 февраля,16:00,Лёд 3,Киномакс-Сапфир
28 февраля,16:05,Мадам Паутина,Черёмушки
28 февраля,16:10,Лёд 3,Океан IMAX
28 февраля,16:10,Вонка,Океан IMAX
28 февраля,16:25,Мастер и Маргарита,Киномакс-Сапфир
28 февраля,16:45,Лёд 3,Владивосток
28 февраля,16:45,Идеальные друзья,Океан IMAX
28 февраля,16:45,Рыбка Поньо на утесе,Киномакс-Сапфир
28 февраля,16:50,Лёд 3,Киномакс-Сапфир
28 февраля,16:50,Одна жизнь,Уссури
28 февраля,17:00,Лёд 3,Москва
28 февраля,17:25,Лёд 3,Киномакс-Сапфир
28 февраля,17:30,Воздух,Черёмушки
28 февраля,17:30,Наполеон,Владивосток
28 февраля,17:35,Лёд 3,Нептун
28 февраля,17:45,Аргайл: Супершпион,Черёмушки
28 февраля,17:50,Лёд 3,Уссури
28 февраля,17:50,Командир,Иллюзион
28 февраля,18:00,Вонка,Уссури
28 февраля,18:00,Мастер и Маргарита,Черёмушки
28 февраля,18:00,Рыбка Поньо на утесе,Владивосток
28 февраля,18:05,Лёд 3,Киномакс-Сапфир
28 февраля,18:10,Лёд 3,Океан IMAX
28 февраля,18:15,Лео,Москва
28 февраля,18:15,Командир,Уссури
28 февраля,18:20,Лёд 3,Черёмушки
28 февраля,18:20,Нечисть,Киномакс-Сапфир
28 февраля,18:20,Мастер и Маргарита,Иллюзион
28 февраля,18:30,Мастер и Маргарита,Киномакс-Сапфир
28 февраля,18:35,Одна жизнь,Черёмушки
28 февраля,18:35,Мастер и Маргарита,Уссури
28 февраля,18:40,Командир,Океан IMAX
28 февраля,18:40,Аргайл: Супершпион,Уссури
28 февраля,18:40,Мадам Паутина,Иллюзион
28 февраля,18:45,Лёд 3,Киномакс-Сапфир
28 февраля,18:50,Лёд 3,Иллюзион
28 февраля,18:50,Командир,Киномакс-Сапфир
28 февраля,19:00,Командир,Уссури
28 февраля,19:00,Мастер и Маргарита,Океан IMAX
28 февраля,19:30,Лёд 3,Владивосток
28 февраля,19:30,Мастер и Маргарита,Киномакс-Сапфир
28 февраля,19:30,Vivienne Westwood: Лекция Ярослава Михеева,Океан IMAX
28 февраля,19:35,Лёд 3,Киномакс-Сапфир
28 февраля,19:40,Мастер и Маргарита,Москва
28 февраля,20:00,Командир,Владивосток
28 февраля,20:10,Лёд 3,Москва
28 февраля,20:10,Лёд 3,Киномакс-Сапфир
28 февраля,20:10,Командир,Нептун
28 февраля,20:25,Лёд 3,Черёмушки
28 февраля,20:25,Пчеловод,Владивосток
28 февраля,20:30,Аргайл: Супершпион,Иллюзион
28 февраля,20:30,Мастер и Маргарита,Киномакс-Сапфир
28 февраля,20:40,Лёд 3,Уссури
28 февраля,20:40,Командир,Черёмушки
28 февраля,20:45,Мастер и Маргарита,Уссури
28 февраля,20:50,Лёд 3,Киномакс-Сапфир
28 февраля,20:50,Мадам Паутина,Черёмушки
28 февраля,21:00,Лёд 3,Уссури
28 февраля,21:00,Конец славы,Океан IMAX
28 февраля,21:10,Лёд 3,Черёмушки
28 февраля,21:10,Холоп 2,Иллюзион
28 февраля,21:10,Конец славы,Черёмушки
28 февраля,21:15,Мадам Паутина,Океан IMAX
28 февраля,21:25,Пчеловод,Иллюзион
28 февраля,21:25,Выживут только любовники,Киномакс-Сапфир
28 февраля,21:30,Лёд 3,Киномакс-Сапфир
28 февраля,21:35,Мадам Паутина,Уссури
28 февраля,21:40,Конец славы,Уссури
28 февраля,21:40,Мастер и Маргарита,Киномакс-Сапфир
28 февраля,21:45,Лёд 3,Иллюзион
28 февраля,21:50,Мастер и Маргарита,Уссури
28 февраля,22:10,Лёд 3,Океан IMAX
28 февраля,22:10,Аргайл: Супершпион,Океан IMAX
28 февраля,22:20,Лёд 3,Киномакс-Сапфир
28 февраля,22:35,Лёд 3,Нептун
28 февраля,22:40,Мастер и Маргарита,Москва
28 февраля,22:40,Мастер и Маргарита,Киномакс-Сапфир
28 февраля,22:50,Нечисть,Москва
28 февраля,23:00,Командир,Киномакс-Сапфир
28 февраля,23:05,Командир,Океан IMAX
28 февраля,23:10,Пчеловод,Черёмушки
28 февраля,23:15,Вонка,Черёмушки
28 февраля,23:20,Лёд 3,Черёмушки
28 февраля,23:20,Командир,Черёмушки
28 февраля,23:25,Лёд 3,Уссури
28 февраля,23:30,Командир,Иллюзион
28 февраля,23:35,Лёд 3,Киномакс-Сапфир
28 февраля,23:40,Нечисть,Киномакс-Сапфир
28 февраля,23:40,Мадам Паутина,Иллюзион
28 февраля,23:45,Нечисть,Океан IMAX
28 февраля,23:45,Конец славы,Уссури
28 февраля,23:50,Холоп 2,Киномакс-Сапфир
28 февраля,23:50,Природа любви,Уссури
28 февраля,23:50,Между нами лето,Уссури
28 февраля,23:55,Нечисть,Иллюзион
28 февраля,23:55,Нечисть,Черёмушки
28 февраля,23:59,Нечисть,Уссури
29 февраля,09:50,Лёд 3,Черёмушки
29 февраля,10:00,Лёд 3,Иллюзион
29 февраля,10:00,Лёд 3,Океан IMAX
29 февраля,10:00,Командир,Черёмушки
29 февраля,10:00,Кот и пёс,Иллюзион
29 февраля,10:00,Кот и пёс,Черёмушки
29 февраля,10:00,Лео,Иллюзион
29 февраля,10:00,Три мушкетёра: Миледи,Океан IMAX
29 февраля,10:00,МУЛЬТ в кино. Выпуск №166. Совершенно новый выпуск,Черёмушки
29 февраля,10:15,Воздух,Иллюзион
29 февраля,10:15,Мастер и Маргарита,Черёмушки
29 февраля,10:15,Мастер и Маргарита,Океан IMAX
29 февраля,10:30,Лёд 3,Киномакс-Сапфир
29 февраля,10:30,Кот и пёс,Океан IMAX
29 февраля,10:40,Лонки – великий обманщик,Киномакс-Сапфир
29 февраля,10:50,Мастер и Маргарита,Киномакс-Сапфир
29 февраля,11:00,Пчеловод,Черёмушки
29 февраля,11:00,Мастер и Маргарита,Киномакс-Сапфир
29 февраля,11:00,Миграция,Владивосток
29 февраля,11:05,Бременские музыканты,Киномакс-Сапфир
29 февраля,11:10,Супер Крылья. Фильм,Киномакс-Сапфир
29 февраля,11:20,Воздух,Киномакс-Сапфир
29 февраля,11:30,Супер Крылья. Фильм,Владивосток
29 февраля,11:50,Лёд 3,Киномакс-Сапфир
29 февраля,11:55,Миграция,Черёмушки
29 февраля,12:00,Мастер и Маргарита,Иллюзион
29 февраля,12:00,Лонки – великий обманщик,Владивосток
29 февраля,12:10,Три богатыря и Пуп Земли,Иллюзион
29 февраля,12:20,Лео,Океан IMAX
29 февраля,12:30,Лёд 3,Киномакс-Сапфир
29 февраля,12:30,Бременские музыканты,Океан IMAX
29 февраля,12:35,Холоп 2,Черёмушки
29 февраля,12:40,Лёд 3,Черёмушки
29 февраля,12:45,Орион и Тьма,Владивосток
29 февраля,13:00,Лёд 3,Иллюзион
29 февраля,13:00,Лёд 3,Океан IMAX
29 февраля,13:10,Мастер и Маргарита,Киномакс-Сапфир
29 февраля,13:20,Лёд 3,Киномакс-Сапфир
29 февраля,13:20,Воздух,Океан IMAX
29 февраля,13:25,Командир,Иллюзион
29 февраля,13:25,Кот и пёс,Черёмушки
29 февраля,13:25,Звериный рейс,Владивосток
29 февраля,13:30,Лео,Черёмушки
29 февраля,13:40,Командир,Киномакс-Сапфир
29 февраля,13:50,Три богатыря и Пуп Земли,Черёмушки
29 февраля,14:00,Лёд 3,Киномакс-Сапфир
29 февраля,14:00,Кот и пёс,Иллюзион
29 февраля,14:00,Кот и пёс,Владивосток
29 февраля,14:20,Рыбка Поньо на утесе,Киномакс-Сапфир
29 февраля,14:25,Конец славы,Океан IMAX
29 февраля,14:35,Аквамен и потерянное царство,Владивосток
29 февраля,14:40,Лёд 3,Киномакс-Сапфир
29 февраля,15:05,Вонка,Иллюзион
29 февраля,15:10,Командир,Океан IMAX
29 февраля,15:10,Одна жизнь,Черёмушки
29 февраля,15:20,Лёд 3,Киномакс-Сапфир
29 февраля,15:20,Вонка,Черёмушки
29 февраля,15:25,Мастер и Маргарита,Киномакс-Сапфир
29 февраля,15:25,Рыбка Поньо на утесе,Владивосток
29 февраля,15:30,Лёд 3,Черёмушки
29 февраля,15:45,Бременские музыканты,Черёмушки
29 февраля,15:45,Мадам Паутина,Черёмушки
29 февраля,15:50,Бременские музыканты,Иллюзион
29 февраля,15:55,Лёд 3,Иллюзион
29 февраля,16:00,Лёд 3,Океан IMAX
29 февраля,16:00,Миграция,Иллюзион
29 февраля,16:05,Сезон охоты. Суперкоманда,Владивосток
29 февраля,16:10,Лёд 3,Киномакс-Сапфир
29 февраля,16:15,Вонка,Океан IMAX
29 февраля,16:20,В Арктику,Киномакс-Сапфир
29 февраля,16:25,Мастер и Маргарита,Киномакс-Сапфир
29 февраля,16:30,Красные комнаты,Океан IMAX
29 февраля,16:30,Лонки – великий обманщик,Киномакс-Сапфир
29 февраля,16:50,Лёд 3,Киномакс-Сапфир
29 февраля,17:00,Лонки – великий обманщик,Владивосток
29 февраля,17:25,Лёд 3,Киномакс-Сапфир
29 февраля,17:25,Командир,Черёмушки
29 февраля,17:25,Кот и пёс,Владивосток
29 февраля,17:50,Аргайл: Супершпион,Иллюзион
29 февраля,18:00,Лёд 3,Владивосток
29 февраля,18:00,Лёд 3,Океан IMAX
29 февраля,18:00,Мастер и Маргарита,Черёмушки
29 февраля,18:00,Мадам Паутина,Иллюзион
29 февраля,18:05,Лёд 3,Киномакс-Сапфир
29 февраля,18:15,Воздух,Черёмушки
29 февраля,18:15,Красные комнаты,Черёмушки
29 февраля,18:15,Мастер и Маргарита,Иллюзион
29 февраля,18:20,Лёд 3,Черёмушки
29 февраля,18:20,Командир,Киномакс-Сапфир
29 февраля,18:30,Мастер и Маргарита,Киномакс-Сапфир
29 февраля,18:35,Пчеловод,Владивосток
29 февраля,18:40,Кот и пёс,Киномакс-Сапфир
29 февраля,18:50,Дюна: Часть первая,Океан IMAX
29 февраля,18:50,Лёд 3,Иллюзион
29 февраля,19:00,Лёд 3,Киномакс-Сапфир
29 февраля,19:00,Май декабрь,Уссури
29 февраля,19:00,Мастер и Маргарита,Океан IMAX
29 февраля,19:15,В Арктику,Океан IMAX
29 февраля,19:30,Командир,Владивосток
29 февраля,19:30,Мастер и Маргарита,Киномакс-Сапфир
29 февраля,19:40,Лёд 3,Киномакс-Сапфир
29 февраля,20:00,Аргайл: Супершпион,Черёмушки
29 февраля,20:10,Лёд 3,Киномакс-Сапфир
29 февраля,20:35,Оппенгеймер,Владивосток
29 февраля,20:40,Красные комнаты,Иллюзион
29 февраля,20:40,Мастер и Маргарита,Киномакс-Сапфир
29 февраля,20:45,Мадам Паутина,Черёмушки
29 февраля,20:50,Лёд 3,Иллюзион
29 февраля,20:50,Лёд 3,Киномакс-Сапфир
29 февраля,20:50,Мадам Паутина,Океан IMAX
29 февраля,21:00,Первая ведьма: Реинкарнация,Киномакс-Сапфир
29 февраля,21:10,Дюна: Часть первая,Черёмушки
29 февраля,21:10,Конец славы,Черёмушки
29 февраля,21:15,Лёд 3,Черёмушки
29 февраля,21:20,Пчеловод,Иллюзион
29 февраля,21:40,Мастер и Маргарита,Киномакс-Сапфир
29 февраля,21:45,Дюна: Часть первая,Иллюзион
29 февраля,21:45,Прошлые жизни,Океан IMAX
29 февраля,21:50,Лёд 3,Киномакс-Сапфир
29 февраля,22:10,Аргайл: Супершпион,Океан IMAX
29 февраля,22:15,Лёд 3,Океан IMAX
29 февраля,22:30,Май декабрь,Киномакс-Сапфир
29 февраля,22:40,Мастер и Маргарита,Киномакс-Сапфир
29 февраля,22:55,Лёд 3,Киномакс-Сапфир
29 февраля,23:00,Холоп 2,Иллюзион
29 февраля,23:10,Первая ведьма: Реинкарнация,Черёмушки
29 февраля,23:15,Лёд 3,Черёмушки
29 февраля,23:20,Нечисть,Черёмушки
29 февраля,23:30,Холоп 2,Киномакс-Сапфир
29 февраля,23:35,Пила. Джокер,Океан IMAX
29 февраля,23:35,Первая ведьма: Реинкарнация,Иллюзион
29 февраля,23:40,Лёд 3,Киномакс-Сапфир
29 февраля,23:45,Пила. Джокер,Иллюзион
29 февраля,23:50,Нечисть,Киномакс-Сапфир
29 февраля,23:55,Нечисть,Океан IMAX
29 февраля,23:59,Пила. Джокер,Черёмушки
1 марта,09:50,Лёд 3,Черёмушки
1 марта,10:00,Лёд 3,Иллюзион
1 марта,10:00,Лёд 3,Океан IMAX
1 марта,10:00,Командир,Черёмушки
1 марта,10:00,Кот и пёс,Иллюзион
1 марта,10:00,Кот и пёс,Черёмушки
1 марта,10:00,Лео,Иллюзион
1 марта,10:00,Три мушкетёра: Миледи,Океан IMAX
1 марта,10:15,Воздух,Иллюзион
1 марта,10:15,Мастер и Маргарита,Черёмушки
1 марта,10:15,Мастер и Маргарита,Океан IMAX
1 марта,10:20,Кот и пёс,Киномакс-Сапфир
1 марта,10:30,Лёд 3,Киномакс-Сапфир
1 марта,10:30,Кот и пёс,Океан IMAX
1 марта,10:30,МУЛЬТ в кино. Выпуск №166. Совершенно новый выпуск,Черёмушки
1 марта,10:40,Лонки – великий обманщик,Киномакс-Сапфир
1 марта,10:50,Мастер и Маргарита,Киномакс-Сапфир
1 марта,11:00,Бременские музыканты,Киномакс-Сапфир
1 марта,11:00,Миграция,Владивосток
1 марта,11:10,Супер Крылья. Фильм,Киномакс-Сапфир
1 марта,11:20,Воздух,Киномакс-Сапфир
1 марта,11:30,Пчеловод,Черёмушки
1 марта,11:30,Супер Крылья. Фильм,Владивосток
1 марта,11:50,Лёд 3,Киномакс-Сапфир
1 марта,11:55,Миграция,Черёмушки
1 марта,12:00,Мастер и Маргарита,Иллюзион
1 марта,12:00,Лонки – великий обманщик,Владивосток
1 марта,12:10,Три богатыря и Пуп Земли,Иллюзион
1 марта,12:20,Мастер и Маргарита,Киномакс-Сапфир
1 марта,12:20,Лео,Океан IMAX
1 марта,12:30,Лёд 3,Киномакс-Сапфир
1 марта,12:30,Бременские музыканты,Океан IMAX
1 марта,12:35,Холоп 2,Черёмушки
1 марта,12:40,Лёд 3,Черёмушки
1 марта,12:45,Орион и Тьма,Владивосток
1 марта,13:00,Лёд 3,Иллюзион
1 марта,13:00,Лёд 3,Океан IMAX
1 марта,13:10,Мастер и Маргарита,Киномакс-Сапфир
1 марта,13:20,Лёд 3,Киномакс-Сапфир
1 марта,13:20,Воздух,Океан IMAX
1 марта,13:25,Командир,Иллюзион
1 марта,13:25,Кот и пёс,Черёмушки
1 марта,13:25,Звериный рейс,Владивосток
1 марта,13:40,Командир,Киномакс-Сапфир
1 марта,13:50,Три богатыря и Пуп Земли,Черёмушки
1 марта,14:00,Лёд 3,Киномакс-Сапфир
1 марта,14:00,Кот и пёс,Иллюзион
1 марта,14:00,Кот и пёс,Владивосток
1 марта,14:00,Лео,Черёмушки
1 марта,14:20,Рыбка Поньо на утесе,Киномакс-Сапфир
1 марта,14:25,Конец славы,Океан IMAX
1 марта,14:35,Аквамен и потерянное царство,Владивосток
1 марта,14:40,Лёд 3,Киномакс-Сапфир
1 марта,15:05,Вонка,Иллюзион
1 марта,15:10,Командир,Океан IMAX
1 марта,15:10,Одна жизнь,Черёмушки
1 марта,15:20,Лёд 3,Киномакс-Сапфир
1 марта,15:20,Вонка,Черёмушки
1 марта,15:25,Мастер и Маргарита,Киномакс-Сапфир
1 марта,15:25,Рыбка Поньо на утесе,Владивосток
1 марта,15:30,Лёд 3,Черёмушки
1 марта,15:45,Мадам Паутина,Черёмушки
1 марта,15:50,Бременские музыканты,Иллюзион
1 марта,15:55,Лёд 3,Иллюзион
1 марта,16:00,Лёд 3,Океан IMAX
1 марта,16:00,Миграция,Иллюзион
1 марта,16:05,Сезон охоты. Суперкоманда,Владивосток
1 марта,16:10,Лёд 3,Киномакс-Сапфир
1 марта,16:15,Вонка,Океан IMAX
1 марта,16:15,Бременские музыканты,Черёмушки
1 марта,16:20,В Арктику,Киномакс-Сапфир
1 марта,16:25,Мастер и Маргарита,Киномакс-Сапфир
1 марта,16:30,Красные комнаты,Океан IMAX
1 марта,16:30,Лонки – великий обманщик,Киномакс-Сапфир
1 марта,16:50,Лёд 3,Киномакс-Сапфир
1 марта,17:00,Лонки – великий обманщик,Владивосток
1 марта,17:25,Лёд 3,Киномакс-Сапфир
1 марта,17:25,Командир,Черёмушки
1 марта,17:25,Кот и пёс,Владивосток
1 марта,17:50,Аргайл: Супершпион,Иллюзион
1 марта,18:00,Лёд 3,Владивосток
1 марта,18:00,Лёд 3,Океан IMAX
1 марта,18:00,Мастер и Маргарита,Черёмушки
1 марта,18:00,Мадам Паутина,Иллюзион
1 марта,18:05,Лёд 3,Киномакс-Сапфир
1 марта,18:15,Красные комнаты,Черёмушки
1 марта,18:15,Мастер и Маргарита,Иллюзион
1 марта,18:20,Лёд 3,Черёмушки
1 марта,18:20,Командир,Киномакс-Сапфир
1 марта,18:30,Мастер и Маргарита,Киномакс-Сапфир
1 марта,18:35,Пчеловод,Владивосток
1 марта,18:40,Кот и пёс,Киномакс-Сапфир
1 марта,18:45,Воздух,Черёмушки
1 марта,18:50,Дюна: Часть первая,Океан IMAX
1 марта,18:50,Лёд 3,Иллюзион
1 марта,19:00,Лёд 3,Киномакс-Сапфир
1 марта,19:00,Мастер и Маргарита,Океан IMAX
1 марта,19:15,В Арктику,Океан IMAX
1 марта,19:30,Командир,Владивосток
1 марта,19:30,Мастер и Маргарита,Киномакс-Сапфир
1 марта,19:40,Лёд 3,Киномакс-Сапфир
1 марта,20:00,Аргайл: Супершпион,Черёмушки
1 марта,20:10,Лёд 3,Киномакс-Сапфир
1 марта,20:35,Оппенгеймер,Владивосток
1 марта,20:40,Красные комнаты,Иллюзион
1 марта,20:40,Мастер и Маргарита,Киномакс-Сапфир
1 марта,20:45,Мадам Паутина,Черёмушки
1 марта,20:50,Лёд 3,Иллюзион
1 марта,20:50,Лёд 3,Киномакс-Сапфир
1 марта,20:50,Мадам Паутина,Океан IMAX
1 марта,21:00,Первая ведьма: Реинкарнация,Киномакс-Сапфир
1 марта,21:10,Дюна: Часть первая,Черёмушки
1 марта,21:10,Конец славы,Черёмушки
1 марта,21:20,Пчеловод,Иллюзион
1 марта,21:30,Прошлые жизни,Океан IMAX
1 марта,21:40,Мастер и Маргарита,Киномакс-Сапфир
1 марта,21:45,Дюна: Часть первая,Иллюзион
1 марта,21:45,Лёд 3,Черёмушки
1 марта,21:50,Лёд 3,Киномакс-Сапфир
1 марта,22:10,Аргайл: Супершпион,Океан IMAX
1 марта,22:15,Лёд 3,Океан IMAX
1 марта,22:30,Май декабрь,Киномакс-Сапфир
1 марта,22:40,Мастер и Маргарита,Киномакс-Сапфир
1 марта,22:55,Лёд 3,Киномакс-Сапфир
1 марта,23:00,Холоп 2,Иллюзион
1 марта,23:10,Первая ведьма: Реинкарнация,Черёмушки
1 марта,23:15,Пила. Джокер,Черёмушки
1 марта,23:20,Нечисть,Черёмушки
1 марта,23:30,Холоп 2,Киномакс-Сапфир
1 марта,23:35,Пила. Джокер,Океан IMAX
1 марта,23:35,Первая ведьма: Реинкарнация,Иллюзион
1 марта,23:40,Лёд 3,Киномакс-Сапфир
1 марта,23:40,Нечисть,Океан IMAX
1 марта,23:45,Пила. Джокер,Иллюзион
1 марта,23:50,Нечисть,Киномакс-Сапфир
2 марта,10:00,Супер Крылья. Фильм,Владивосток
2 марта,10:00,Миграция,Владивосток
2 марта,10:15,МУЛЬТ в кино. Выпуск №166. Совершенно новый выпуск,Киномакс-Сапфир
2 марта,10:20,Кот и пёс,Киномакс-Сапфир
2 марта,10:30,Лёд 3,Киномакс-Сапфир
2 марта,10:30,Сезон охоты. Суперкоманда,Владивосток
2 марта,10:35,Три богатыря и Пуп Земли,Киномакс-Сапфир
2 марта,10:40,Лонки – великий обманщик,Киномакс-Сапфир
2 марта,11:00,Воздух,Киномакс-Сапфир
2 марта,11:10,Супер Крылья. Фильм,Киномакс-Сапфир
2 марта,11:20,Бременские музыканты,Киномакс-Сапфир
2 марта,11:45,Звериный рейс,Владивосток
2 марта,11:50,Лёд 3,Киномакс-Сапфир
2 марта,11:50,Орион и Тьма,Владивосток
2 марта,12:10,Вонка,Владивосток
2 марта,12:20,Мастер и Маргарита,Киномакс-Сапфир
2 марта,12:30,Лонки – великий обманщик,Киномакс-Сапфир
2 марта,12:35,Лёд 3,Киномакс-Сапфир
2 марта,13:10,Мастер и Маргарита,Киномакс-Сапфир
2 марта,13:20,Лёд 3,Киномакс-Сапфир
2 марта,13:40,Лонки – великий обманщик,Владивосток
2 марта,13:40,Аквамен и потерянное царство,Владивосток
2 марта,13:50,В Арктику,Киномакс-Сапфир
2 марта,14:00,Лёд 3,Киномакс-Сапфир
2 марта,14:20,Рыбка Поньо на утесе,Киномакс-Сапфир
2 марта,14:25,Рыбка Поньо на утесе,Владивосток
2 марта,14:40,Лёд 3,Киномакс-Сапфир
2 марта,15:20,Лёд 3,Киномакс-Сапфир
2 марта,15:20,Кот и пёс,Владивосток
2 марта,15:25,Мастер и Маргарита,Киномакс-Сапфир
2 марта,16:00,Лёд 3,Владивосток
2 марта,16:05,Лёд 3,Киномакс-Сапфир
2 марта,16:10,Бременские музыканты,Киномакс-Сапфир
2 марта,16:20,Мастер и Маргарита,Киномакс-Сапфир
2 марта,16:25,Лонки – великий обманщик,Владивосток
2 марта,16:30,Лонки – великий обманщик,Киномакс-Сапфир
2 марта,16:50,Лёд 3,Киномакс-Сапфир
2 марта,17:25,Лёд 3,Киномакс-Сапфир
2 марта,17:25,Аквамен и потерянное царство,Владивосток
2 марта,18:05,Лёд 3,Киномакс-Сапфир
2 марта,18:05,Кот и пёс,Владивосток
2 марта,18:20,Командир,Киномакс-Сапфир
2 марта,18:30,Мастер и Маргарита,Киномакс-Сапфир
2 марта,18:40,Кот и пёс,Киномакс-Сапфир
2 марта,18:45,Пчеловод,Владивосток
2 марта,19:00,Лёд 3,Киномакс-Сапфир
2 марта,19:30,Мастер и Маргарита,Киномакс-Сапфир
2 марта,19:40,Лёд 3,Киномакс-Сапфир
2 марта,19:45,Лёд 3,Владивосток
2 марта,20:10,Лёд 3,Киномакс-Сапфир
2 марта,20:15,Командир,Владивосток
2 марта,20:40,Мастер и Маргарита,Киномакс-Сапфир
2 марта,20:45,Наполеон,Владивосток
2 марта,20:50,Лёд 3,Киномакс-Сапфир
2 марта,21:00,Первая ведьма: Реинкарнация,Киномакс-Сапфир
2 марта,21:40,Мастер и Маргарита,Киномакс-Сапфир
2 марта,21:50,Лёд 3,Киномакс-Сапфир
2 марта,22:30,Май декабрь,Киномакс-Сапфир
2 марта,22:40,Мастер и Маргарита,Киномакс-Сапфир
2 марта,22:55,Лёд 3,Киномакс-Сапфир
2 марта,23:30,Холоп 2,Киномакс-Сапфир
2 марта,23:40,Лёд 3,Киномакс-Сапфир
2 марта,23:50,Нечисть,Киномакс-Сапфир
3 марта,10:00,Супер Крылья. Фильм,Владивосток
3 марта,10:00,Миграция,Владивосток
3 марта,10:15,МУЛЬТ в кино. Выпуск №166. Совершенно новый выпуск,Киномакс-Сапфир
3 марта,10:20,Кот и пёс,Киномакс-Сапфир
3 марта,10:30,Лёд 3,Киномакс-Сапфир
3 марта,10:30,Сезон охоты. Суперкоманда,Владивосток
3 марта,10:35,Три богатыря и Пуп Земли,Киномакс-Сапфир
3 марта,10:40,Лонки – великий обманщик,Киномакс-Сапфир
3 марта,11:00,Воздух,Киномакс-Сапфир
3 марта,11:10,Супер Крылья. Фильм,Киномакс-Сапфир
3 марта,11:20,Бременские музыканты,Киномакс-Сапфир
3 марта,11:45,Звериный рейс,Владивосток
3 марта,11:50,Лёд 3,Киномакс-Сапфир
3 марта,11:50,Орион и Тьма,Владивосток
3 марта,12:10,Вонка,Владивосток
3 марта,12:20,Мастер и Маргарита,Киномакс-Сапфир
3 марта,12:30,Лонки – великий обманщик,Киномакс-Сапфир
3 марта,12:35,Лёд 3,Киномакс-Сапфир
3 марта,13:10,Мастер и Маргарита,Киномакс-Сапфир
3 марта,13:20,Лёд 3,Киномакс-Сапфир
3 марта,13:40,Лонки – великий обманщик,Владивосток
3 марта,13:40,Аквамен и потерянное царство,Владивосток
3 марта,13:50,В Арктику,Киномакс-Сапфир
3 марта,14:00,Лёд 3,Киномакс-Сапфир
3 марта,14:20,Рыбка Поньо на утесе,Киномакс-Сапфир
3 марта,14:25,Рыбка Поньо на утесе,Владивосток
3 марта,14:40,Лёд 3,Киномакс-Сапфир
3 марта,15:20,Лёд 3,Киномакс-Сапфир
3 марта,15:20,Кот и пёс,Владивосток
3 марта,15:25,Мастер и Маргарита,Киномакс-Сапфир
3 марта,16:00,Лёд 3,Владивосток
3 марта,16:05,Лёд 3,Киномакс-Сапфир
3 марта,16:10,Бременские музыканты,Киномакс-Сапфир
3 марта,16:20,Мастер и Маргарита,Киномакс-Сапфир
3 марта,16:25,Лонки – великий обманщик,Владивосток
3 марта,16:30,Лонки – великий обманщик,Киномакс-Сапфир
3 марта,16:50,Лёд 3,Киномакс-Сапфир
3 марта,17:25,Лёд 3,Киномакс-Сапфир
3 марта,17:25,Аквамен и потерянное царство,Владивосток
3 марта,18:05,Лёд 3,Киномакс-Сапфир
3 марта,18:05,Кот и пёс,Владивосток
3 марта,18:20,Командир,Киномакс-Сапфир
3 марта,18:30,Мастер и Маргарита,Киномакс-Сапфир
3 марта,18:40,Кот и пёс,Киномакс-Сапфир
3 марта,18:45,Пчеловод,Владивосток
3 марта,19:00,Лёд 3,Киномакс-Сапфир
3 марта,19:30,Мастер и Маргарита,Киномакс-Сапфир
3 марта,19:40,Лёд 3,Киномакс-Сапфир
3 марта,19:45,Лёд 3,Владивосток
3 марта,20:10,Лёд 3,Киномакс-Сапфир
3 марта,20:15,Командир,Владивосток
3 марта,20:40,Мастер и Маргарита,Киномакс-Сапфир
3 марта,20:45,Наполеон,Владивосток
3 марта,20:50,Лёд 3,Киномакс-Сапфир
3 марта,21:00,Первая ведьма: Реинкарнация,Киномакс-Сапфир
3 марта,21:40,Мастер и Маргарита,Киномакс-Сапфир
3 марта,21:50,Лёд 3,Киномакс-Сапфир
3 марта,22:30,Май декабрь,Киномакс-Сапфир
3 марта,22:40,Мастер и Маргарита,Киномакс-Сапфир
3 марта,22:55,Лёд 3,Киномакс-Сапфир
3 марта,23:30,Холоп 2,Киномакс-Сапфир
3 марта,23:40,Лёд 3,Киномакс-Сапфир
3 марта,23:50,Нечисть,Киномакс-Сапфир
4 марта,19:00,Хичкок,Уссури
5 марта,19:00,Театр в кино: Стиффелио,Океан IMAX
6 марта,19:00,#АртЛекторийВкино: Босх: Сад сновидений,Уссури
7 марта,10:15,Онегин,Киномакс-Сапфир
7 марта,13:10,Онегин,Киномакс-Сапфир
7 марта,16:05,Онегин,Киномакс-Сапфир
7 марта,19:00,Онегин,Киномакс-Сапфир
8 марта,10:15,Онегин,Киномакс-Сапфир
8 марта,13:10,Онегин,Киномакс-Сапфир
8 марта,16:05,Онегин,Киномакс-Сапфир
8 марта,19:00,Онегин,Киномакс-Сапфир
11 марта,19:00,Шоссе в никуда,Уссури
12 марта,19:00,Чайка,Океан IMAX
18 марта,19:00,Цвет граната,Уссури
