Дата,День недели,Время,Фильм,Кинотеатр
29 февраля,Четверг,14:35,Аквамен и потерянное царство,Владивосток
29 февраля,Четверг,14:40,Кот и пёс,Нептун
29 февраля,Четверг,14:40,Лёд 3,Киномакс-Сапфир
29 февраля,Четверг,14:45,Бременские музыканты,Уссури
29 февраля,Четверг,14:50,Лео,Москва
29 февраля,Четверг,14:50,Одна жизнь,Уссури
29 февраля,Четверг,15:05,Вонка,Иллюзион
29 февраля,Четверг,15:05,Рецепт любви,Уссури
29 февраля,Четверг,15:10,Командир,Океан IMAX
29 февраля,Четверг,15:10,Одна жизнь,Черёмушки
29 февраля,Четверг,15:15,Мастер и Маргарита,Уссури
29 февраля,Четверг,15:20,Лёд 3,Киномакс-Сапфир
29 февраля,Четверг,15:20,Вонка,Черёмушки
29 февраля,Четверг,15:25,Мастер и Маргарита,Киномакс-Сапфир
29 февраля,Четверг,15:25,Рыбка Поньо на утесе,Владивосток
29 февраля,Четверг,15:30,Лёд 3,Уссури
29 февраля,Четверг,15:30,Лёд 3,Черёмушки
29 февраля,Четверг,15:35,Мастер и Маргарита,Уссури
29 февраля,Четверг,15:45,Бременские музыканты,Черёмушки
29 февраля,Четверг,15:45,Мадам Паутина,Черёмушки
29 февраля,Четверг,15:50,Бременские музыканты,Иллюзион
29 февраля,Четверг,15:55,Лёд 3,Иллюзион
29 февраля,Четверг,16:00,Лёд 3,Океан IMAX
29 февраля,Четверг,16:00,Миграция,Иллюзион
29 февраля,Четверг,16:05,Сезон охоты. Суперкоманда,Владивосток
29 февраля,Четверг,16:10,Лёд 3,Киномакс-Сапфир
29 февраля,Четверг,16:15,Вонка,Океан IMAX
29 февраля,Четверг,16:20,Командир,Нептун
29 февраля,Четверг,16:20,В Арктику,Киномакс-Сапфир
29 февраля,Четверг,16:25,Мастер и Маргарита,Киномакс-Сапфир
29 февраля,Четверг,16:30,Красные комнаты,Океан IMAX
29 февраля,Четверг,16:30,Лонки – великий обманщик,Киномакс-Сапфир
29 февраля,Четверг,16:50,Командир,Москва
29 февраля,Четверг,16:50,Лёд 3,Киномакс-Сапфир
29 февраля,Четверг,17:00,Лонки – великий обманщик,Владивосток
29 февраля,Четверг,17:10,Лёд 3,Москва
29 февраля,Четверг,17:15,Дюна: Часть первая,Уссури
29 февраля,Четверг,17:20,Вонка,Уссури
29 февраля,Четверг,17:25,Лёд 3,Киномакс-Сапфир
29 февраля,Четверг,17:25,Командир,Черёмушки
29 февраля,Четверг,17:25,Кот и пёс,Владивосток
29 февраля,Четверг,17:40,Долгожданный рассвет,Уссури
29 февраля,Четверг,17:50,Аргайл: Супершпион,Иллюзион
29 февраля,Четверг,18:00,Лёд 3,Владивосток
29 февраля,Четверг,18:00,Лёд 3,Океан IMAX
29 февраля,Четверг,18:00,Мастер и Маргарита,Черёмушки
29 февраля,Четверг,18:00,Мадам Паутина,Иллюзион
29 февраля,Четверг,18:05,Лёд 3,Киномакс-Сапфир
29 февраля,Четверг,18:15,Воздух,Черёмушки
29 февраля,Четверг,18:15,Красные комнаты,Черёмушки
29 февраля,Четверг,18:15,Мастер и Маргарита,Иллюзион
29 февраля,Четверг,18:20,Лёд 3,Черёмушки
29 февраля,Четверг,18:20,Командир,Киномакс-Сапфир
29 февраля,Четверг,18:30,Лёд 3,Уссури
29 февраля,Четверг,18:30,Мастер и Маргарита,Киномакс-Сапфир
29 февраля,Четверг,18:35,Мастер и Маргарита,Уссури
29 февраля,Четверг,18:35,Пчеловод,Владивосток
29 февраля,Четверг,18:40,Кот и пёс,Киномакс-Сапфир
29 февраля,Четверг,18:45,Лёд 3,Нептун
29 февраля,Четверг,18:50,Дюна: Часть первая,Океан IMAX
29 февраля,Четверг,18:50,Лёд 3,Иллюзион
29 февраля,Четверг,19:00,Лёд 3,Киномакс-Сапфир
29 февраля,Четверг,19:00,Май декабрь,Уссури
29 февраля,Четверг,19:00,Мастер и Маргарита,Океан IMAX
29 февраля,Четверг,19:15,В Арктику,Океан IMAX
29 февраля,Четверг,19:30,Лёд 3,Москва
29 февраля,Четверг,19:30,Командир,Владивосток
29 февраля,Четверг,19:30,Мастер и Маргарита,Киномакс-Сапфир
29 февраля,Четверг,19:40,Лёд 3,Киномакс-Сапфир
29 февраля,Четверг,19:50,Мастер и Маргарита,Москва
29 февраля,Четверг,20:00,Аргайл: Супершпион,Черёмушки
29 февраля,Четверг,20:00,Пес-призрак: Путь самурая,Уссури
29 февраля,Четверг,20:05,Мастер и Маргарита,Уссури
29 февраля,Четверг,20:10,Лёд 3,Киномакс-Сапфир
29 февраля,Четверг,20:35,Лёд 3,Уссури
29 февраля,Четверг,20:35,Оппенгеймер,Владивосток
29 февраля,Четверг,20:40,Красные комнаты,Иллюзион
29 февраля,Четверг,20:40,Мастер и Маргарита,Киномакс-Сапфир
29 февраля,Четверг,20:45,Мадам Паутина,Черёмушки
29 февраля,Четверг,20:50,Лёд 3,Иллюзион
29 февраля,Четверг,20:50,Лёд 3,Киномакс-Сапфир
29 февраля,Четверг,20:50,Мадам Паутина,Океан IMAX
29 февраля,Четверг,21:00,Первая ведьма: Реинкарнация,Киномакс-Сапфир
29 февраля,Четверг,21:10,Дюна: Часть первая,Черёмушки
29 февраля,Четверг,21:10,Конец славы,Черёмушки
29 февраля,Четверг,21:15,Лёд 3,Черёмушки
29 февраля,Четверг,21:20,Лёд 3,Нептун
29 февраля,Четверг,21:20,Дюна: Часть первая,Уссури
29 февраля,Четверг,21:20,Пчеловод,Иллюзион
29 февраля,Четверг,21:35,Нечисть,Уссури
29 февраля,Четверг,21:40,Мастер и Маргарита,Киномакс-Сапфир
29 февраля,Четверг,21:45,Дюна: Часть первая,Иллюзион
29 февраля,Четверг,21:45,Прошлые жизни,Океан IMAX
29 февраля,Четверг,21:50,Лёд 3,Киномакс-Сапфир
29 февраля,Четверг,21:50,Командир,Уссури
29 февраля,Четверг,22:10,Нечисть,Москва
29 февраля,Четверг,22:10,Аргайл: Супершпион,Океан IMAX
29 февраля,Четверг,22:15,Лёд 3,Океан IMAX
29 февраля,Четверг,22:25,Мадам Паутина,Уссури
29 февраля,Четверг,22:30,Май декабрь,Киномакс-Сапфир
29 февраля,Четверг,22:40,Мастер и Маргарита,Киномакс-Сапфир
29 февраля,Четверг,22:50,Лёд 3,Москва
29 февраля,Четверг,22:55,Лёд 3,Киномакс-Сапфир
29 февраля,Четверг,23:00,Холоп 2,Иллюзион
29 февраля,Четверг,23:10,Пила. Джокер,Уссури
29 февраля,Четверг,23:10,Первая ведьма: Реинкарнация,Черёмушки
29 февраля,Четверг,23:15,Лёд 3,Черёмушки
29 февраля,Четверг,23:20,Нечисть,Черёмушки
29 февраля,Четверг,23:30,Холоп 2,Киномакс-Сапфир
29 февраля,Четверг,23:30,Пила. Джокер,Уссури
29 февраля,Четверг,23:35,Пила. Джокер,Океан IMAX
29 февраля,Четверг,23:35,Первая ведьма: Реинкарнация,Иллюзион
29 февраля,Четверг,23:40,Лёд 3,Киномакс-Сапфир
29 февраля,Четверг,23:45,Конец славы,Уссури
29 февраля,Четверг,23:45,Пила. Джокер,Иллюзион
29 февраля,Четверг,23:50,Нечисть,Киномакс-Сапфир
29 февраля,Четверг,23:55,Нечисть,Океан IMAX
29 февраля,Четверг,23:59,Пила. Джокер,Черёмушки
1 марта,Пятница,09:50,Лёд 3,Черёмушки
1 марта,Пятница,10:00,Лёд 3,Иллюзион
1 марта,Пятница,10:00,Лёд 3,Океан IMAX
1 марта,Пятница,10:00,Воздух,Уссури
1 марта,Пятница,10:00,Командир,Черёмушки
1 марта,Пятница,10:00,Кот и пёс,Иллюзион
1 марта,Пятница,10:00,Кот и пёс,Черёмушки
1 марта,Пятница,10:00,Конец славы,Уссури
1 марта,Пятница,10:00,Сезон охоты. Суперкоманда,Нептун
1 марта,Пятница,10:00,Лео,Иллюзион
1 марта,Пятница,10:00,Три мушкетёра: Миледи,Океан IMAX
1 марта,Пятница,10:15,Воздух,Иллюзион
1 марта,Пятница,10:15,Мастер и Маргарита,Черёмушки
1 марта,Пятница,10:15,Мастер и Маргарита,Океан IMAX
1 марта,Пятница,10:15,Лео,Уссури
1 марта,Пятница,10:20,Кот и пёс,Киномакс-Сапфир
1 марта,Пятница,10:30,Лёд 3,Уссури
1 марта,Пятница,10:30,Лёд 3,Киномакс-Сапфир
1 марта,Пятница,10:30,Кот и пёс,Океан IMAX
1 марта,Пятница,10:30,МУЛЬТ в кино. Выпуск №166. Совершенно новый выпуск,Черёмушки
1 марта,Пятница,10:40,Лонки – великий обманщик,Киномакс-Сапфир
1 марта,Пятница,10:50,Мастер и Маргарита,Киномакс-Сапфир
1 марта,Пятница,11:00,Бременские музыканты,Киномакс-Сапфир
1 марта,Пятница,11:00,Миграция,Владивосток
1 марта,Пятница,11:10,Супер Крылья. Фильм,Киномакс-Сапфир
1 марта,Пятница,11:20,Воздух,Киномакс-Сапфир
1 марта,Пятница,11:30,Лёд 3,Москва
1 марта,Пятница,11:30,Пчеловод,Черёмушки
1 марта,Пятница,11:30,Супер Крылья. Фильм,Владивосток
1 марта,Пятница,11:35,Кот и пёс,Нептун
1 марта,Пятница,11:50,Лёд 3,Киномакс-Сапфир
1 марта,Пятница,11:55,Миграция,Черёмушки
1 марта,Пятница,12:00,Кот и пёс,Уссури
1 марта,Пятница,12:00,Мастер и Маргарита,Уссури
1 марта,Пятница,12:00,Мастер и Маргарита,Иллюзион
1 марта,Пятница,12:00,Лонки – великий обманщик,Владивосток
1 марта,Пятница,12:10,Командир,Москва
1 марта,Пятница,12:10,Холоп 2,Уссури
1 марта,Пятница,12:10,Три богатыря и Пуп Земли,Иллюзион
1 марта,Пятница,12:20,Мастер и Маргарита,Киномакс-Сапфир
1 марта,Пятница,12:20,Лео,Океан IMAX
1 марта,Пятница,12:25,Одна жизнь,Уссури
1 марта,Пятница,12:30,Лёд 3,Киномакс-Сапфир
1 марта,Пятница,12:30,Бременские музыканты,Океан IMAX
1 марта,Пятница,12:35,Холоп 2,Черёмушки
1 марта,Пятница,12:40,Лёд 3,Черёмушки
1 марта,Пятница,12:45,Орион и Тьма,Владивосток
1 марта,Пятница,12:55,Командир,Уссури
1 марта,Пятница,13:00,Лёд 3,Иллюзион
1 марта,Пятница,13:00,Лёд 3,Океан IMAX
1 марта,Пятница,13:10,Мастер и Маргарита,Киномакс-Сапфир
1 марта,Пятница,13:15,Лонки – великий обманщик,Нептун
1 марта,Пятница,13:20,Лёд 3,Киномакс-Сапфир
1 марта,Пятница,13:20,Воздух,Океан IMAX
1 марта,Пятница,13:25,Командир,Иллюзион
1 марта,Пятница,13:25,Кот и пёс,Уссури
1 марта,Пятница,13:25,Кот и пёс,Черёмушки
1 марта,Пятница,13:25,Звериный рейс,Владивосток
1 марта,Пятница,13:40,Командир,Киномакс-Сапфир
1 марта,Пятница,13:50,Три богатыря и Пуп Земли,Черёмушки
1 марта,Пятница,14:00,Лёд 3,Киномакс-Сапфир
1 марта,Пятница,14:00,Кот и пёс,Иллюзион
1 марта,Пятница,14:00,Кот и пёс,Владивосток
1 марта,Пятница,14:00,Лео,Черёмушки
1 марта,Пятница,14:10,Мастер и Маргарита,Москва
1 марта,Пятница,14:20,Рыбка Поньо на утесе,Киномакс-Сапфир
1 марта,Пятница,14:25,Конец славы,Океан IMAX
1 марта,Пятница,14:35,Рецепт любви,Уссури
1 марта,Пятница,14:35,Аквамен и потерянное царство,Владивосток
1 марта,Пятница,14:40,Кот и пёс,Нептун
1 марта,Пятница,14:40,Лёд 3,Киномакс-Сапфир
1 марта,Пятница,14:45,Бременские музыканты,Уссури
1 марта,Пятница,14:50,Лео,Москва
1 марта,Пятница,15:05,Вонка,Иллюзион
1 марта,Пятница,15:10,Командир,Океан IMAX
1 марта,Пятница,15:10,Одна жизнь,Черёмушки
1 марта,Пятница,15:15,Мастер и Маргарита,Уссури
1 марта,Пятница,15:20,Лёд 3,Киномакс-Сапфир
1 марта,Пятница,15:20,Вонка,Черёмушки
1 марта,Пятница,15:25,Мастер и Маргарита,Киномакс-Сапфир
1 марта,Пятница,15:25,Рыбка Поньо на утесе,Владивосток
1 марта,Пятница,15:30,Лёд 3,Уссури
1 марта,Пятница,15:30,Лёд 3,Черёмушки
1 марта,Пятница,15:30,Мастер и Маргарита,Уссури
1 марта,Пятница,15:45,Мадам Паутина,Черёмушки
1 марта,Пятница,15:50,Бременские музыканты,Иллюзион
1 марта,Пятница,15:55,Лёд 3,Иллюзион
1 марта,Пятница,16:00,Лёд 3,Океан IMAX
1 марта,Пятница,16:00,Миграция,Иллюзион
1 марта,Пятница,16:05,Сезон охоты. Суперкоманда,Владивосток
1 марта,Пятница,16:10,Лёд 3,Киномакс-Сапфир
1 марта,Пятница,16:15,Вонка,Океан IMAX
1 марта,Пятница,16:15,Бременские музыканты,Черёмушки
1 марта,Пятница,16:20,Командир,Нептун
1 марта,Пятница,16:20,В Арктику,Киномакс-Сапфир
1 марта,Пятница,16:25,Мастер и Маргарита,Киномакс-Сапфир
1 марта,Пятница,16:30,Дюна: Часть первая,Уссури
1 марта,Пятница,16:30,Красные комнаты,Океан IMAX
1 марта,Пятница,16:30,Лонки – великий обманщик,Киномакс-Сапфир
1 марта,Пятница,16:50,Командир,Москва
1 марта,Пятница,16:50,Лёд 3,Киномакс-Сапфир
1 марта,Пятница,17:00,Лонки – великий обманщик,Владивосток
1 марта,Пятница,17:10,Лёд 3,Москва
1 марта,Пятница,17:20,Вонка,Уссури
1 марта,Пятница,17:20,Долгожданный рассвет,Уссури
1 марта,Пятница,17:25,Лёд 3,Киномакс-Сапфир
1 марта,Пятница,17:25,Командир,Черёмушки
1 марта,Пятница,17:25,Кот и пёс,Владивосток
1 марта,Пятница,17:50,Аргайл: Супершпион,Иллюзион
1 марта,Пятница,18:00,Лёд 3,Владивосток
1 марта,Пятница,18:00,Лёд 3,Океан IMAX
1 марта,Пятница,18:00,Мастер и Маргарита,Черёмушки
1 марта,Пятница,18:00,Мадам Паутина,Иллюзион
1 марта,Пятница,18:05,Лёд 3,Киномакс-Сапфир
1 марта,Пятница,18:15,Красные комнаты,Черёмушки
1 марта,Пятница,18:15,Мастер и Маргарита,Иллюзион
1 марта,Пятница,18:20,Лёд 3,Черёмушки
1 марта,Пятница,18:20,Командир,Киномакс-Сапфир
1 марта,Пятница,18:30,Лёд 3,Уссури
1 марта,Пятница,18:30,Мастер и Маргарита,Киномакс-Сапфир
1 марта,Пятница,18:35,Май декабрь,Уссури
1 марта,Пятница,18:35,Мастер и Маргарита,Уссури
1 марта,Пятница,18:35,Пчеловод,Владивосток
1 марта,Пятница,18:40,Кот и пёс,Киномакс-Сапфир
1 марта,Пятница,18:45,Лёд 3,Нептун
1 марта,Пятница,18:45,Воздух,Черёмушки
1 марта,Пятница,18:50,Дюна: Часть первая,Океан IMAX
1 марта,Пятница,18:50,Лёд 3,Иллюзион
1 марта,Пятница,19:00,Лёд 3,Киномакс-Сапфир
1 марта,Пятница,19:00,Мастер и Маргарита,Океан IMAX
1 марта,Пятница,19:15,В Арктику,Океан IMAX
1 марта,Пятница,19:30,Лёд 3,Москва
1 марта,Пятница,19:30,Командир,Владивосток
1 марта,Пятница,19:30,Мастер и Маргарита,Киномакс-Сапфир
1 марта,Пятница,19:40,Лёд 3,Киномакс-Сапфир
1 марта,Пятница,19:45,Пес-призрак: Путь самурая,Уссури
1 марта,Пятница,19:50,Лёд 3,Уссури
1 марта,Пятница,19:50,Мастер и Маргарита,Москва
1 марта,Пятница,20:00,Аргайл: Супершпион,Черёмушки
1 марта,Пятница,20:05,Мастер и Маргарита,Уссури
1 марта,Пятница,20:10,Лёд 3,Киномакс-Сапфир
1 марта,Пятница,20:35,Оппенгеймер,Владивосток
1 марта,Пятница,20:40,Красные комнаты,Иллюзион
1 марта,Пятница,20:40,Мастер и Маргарита,Киномакс-Сапфир
1 марта,Пятница,20:45,Мадам Паутина,Черёмушки
1 марта,Пятница,20:50,Лёд 3,Иллюзион
1 марта,Пятница,20:50,Лёд 3,Киномакс-Сапфир
1 марта,Пятница,20:50,Мадам Паутина,Океан IMAX
1 марта,Пятница,20:55,Аргайл: Супершпион,Уссури
1 марта,Пятница,21:00,Первая ведьма: Реинкарнация,Киномакс-Сапфир
1 марта,Пятница,21:10,Дюна: Часть первая,Черёмушки
1 марта,Пятница,21:10,Конец славы,Черёмушки
1 марта,Пятница,21:20,Лёд 3,Нептун
1 марта,Пятница,21:20,Дюна: Часть первая,Уссури
1 марта,Пятница,21:20,Пчеловод,Иллюзион
1 марта,Пятница,21:30,Прошлые жизни,Океан IMAX
1 марта,Пятница,21:40,Мастер и Маргарита,Киномакс-Сапфир
1 марта,Пятница,21:45,Дюна: Часть первая,Иллюзион
1 марта,Пятница,21:45,Лёд 3,Черёмушки
1 марта,Пятница,21:50,Лёд 3,Киномакс-Сапфир
1 марта,Пятница,21:50,Командир,Уссури
1 марта,Пятница,22:10,Нечисть,Москва
1 марта,Пятница,22:10,Аргайл: Супершпион,Океан IMAX
1 марта,Пятница,22:10,Мадам Паутина,Уссури
1 марта,Пятница,22:15,Лёд 3,Океан IMAX
1 марта,Пятница,22:30,Май декабрь,Киномакс-Сапфир
1 марта,Пятница,22:40,Мастер и Маргарита,Киномакс-Сапфир
1 марта,Пятница,22:50,Лёд 3,Москва
1 марта,Пятница,22:55,Лёд 3,Киномакс-Сапфир
1 марта,Пятница,23:00,Холоп 2,Иллюзион
1 марта,Пятница,23:00,Пила. Джокер,Уссури
1 марта,Пятница,23:10,Пила. Джокер,Уссури
1 марта,Пятница,23:10,Первая ведьма: Реинкарнация,Черёмушки
1 марта,Пятница,23:15,Пила. Джокер,Черёмушки
1 марта,Пятница,23:20,Нечисть,Черёмушки
1 марта,Пятница,23:30,Холоп 2,Киномакс-Сапфир
1 марта,Пятница,23:35,Пила. Джокер,Океан IMAX
1 марта,Пятница,23:35,Первая ведьма: Реинкарнация,Иллюзион
1 марта,Пятница,23:40,Лёд 3,Киномакс-Сапфир
1 марта,Пятница,23:40,Нечисть,Океан IMAX
1 марта,Пятница,23:45,Пила. Джокер,Иллюзион
1 марта,Пятница,23:50,Нечисть,Киномакс-Сапфир
1 марта,Пятница,23:55,Нечисть,Уссури
2 марта,Суббота,10:00,Супер Крылья. Фильм,Владивосток
2 марта,Суббота,10:00,Миграция,Владивосток
2 марта,Суббота,10:00,Сезон охоты. Суперкоманда,Нептун
2 марта,Суббота,10:15,МУЛЬТ в кино. Выпуск №166. Совершенно новый выпуск,Киномакс-Сапфир
2 марта,Суббота,10:20,Кот и пёс,Киномакс-Сапфир
2 марта,Суббота,10:30,Лёд 3,Киномакс-Сапфир
2 марта,Суббота,10:30,Сезон охоты. Суперкоманда,Владивосток
2 марта,Суббота,10:35,Три богатыря и Пуп Земли,Киномакс-Сапфир
2 марта,Суббота,10:40,Лонки – великий обманщик,Киномакс-Сапфир
2 марта,Суббота,11:00,Воздух,Киномакс-Сапфир
2 марта,Суббота,11:10,Супер Крылья. Фильм,Киномакс-Сапфир
2 марта,Суббота,11:20,Бременские музыканты,Киномакс-Сапфир
2 марта,Суббота,11:35,МУЛЬТ в кино. Выпуск №166. Совершенно новый выпуск,Нептун
2 марта,Суббота,11:45,Звериный рейс,Владивосток
2 марта,Суббота,11:50,Лёд 3,Киномакс-Сапфир
2 марта,Суббота,11:50,Орион и Тьма,Владивосток
2 марта,Суббота,12:10,Вонка,Владивосток
2 марта,Суббота,12:20,Мастер и Маргарита,Киномакс-Сапфир
2 марта,Суббота,12:30,Кот и пёс,Нептун
2 марта,Суббота,12:30,Лонки – великий обманщик,Киномакс-Сапфир
2 марта,Суббота,12:35,Лёд 3,Киномакс-Сапфир
2 марта,Суббота,13:10,Мастер и Маргарита,Киномакс-Сапфир
2 марта,Суббота,13:20,Лёд 3,Киномакс-Сапфир
2 марта,Суббота,13:40,Лонки – великий обманщик,Владивосток
2 марта,Суббота,13:40,Аквамен и потерянное царство,Владивосток
2 марта,Суббота,13:50,В Арктику,Киномакс-Сапфир
2 марта,Суббота,14:00,Лёд 3,Киномакс-Сапфир
2 марта,Суббота,14:10,Лонки – великий обманщик,Нептун
2 марта,Суббота,14:20,Рыбка Поньо на утесе,Киномакс-Сапфир
2 марта,Суббота,14:25,Рыбка Поньо на утесе,Владивосток
2 марта,Суббота,14:40,Лёд 3,Киномакс-Сапфир
2 марта,Суббота,15:20,Лёд 3,Киномакс-Сапфир
2 марта,Суббота,15:20,Кот и пёс,Владивосток
2 марта,Суббота,15:25,Мастер и Маргарита,Киномакс-Сапфир
2 марта,Суббота,15:35,Кот и пёс,Нептун
2 марта,Суббота,16:00,Лёд 3,Владивосток
2 марта,Суббота,16:05,Лёд 3,Киномакс-Сапфир
2 марта,Суббота,16:10,Бременские музыканты,Киномакс-Сапфир
2 марта,Суббота,16:20,Мастер и Маргарита,Киномакс-Сапфир
2 марта,Суббота,16:25,Лонки – великий обманщик,Владивосток
2 марта,Суббота,16:30,Лонки – великий обманщик,Киномакс-Сапфир
2 марта,Суббота,16:50,Лёд 3,Киномакс-Сапфир
2 марта,Суббота,17:15,Лёд 3,Нептун
2 марта,Суббота,17:25,Лёд 3,Киномакс-Сапфир
2 марта,Суббота,17:25,Аквамен и потерянное царство,Владивосток
2 марта,Суббота,18:05,Лёд 3,Киномакс-Сапфир
2 марта,Суббота,18:05,Кот и пёс,Владивосток
2 марта,Суббота,18:20,Командир,Киномакс-Сапфир
2 марта,Суббота,18:30,Мастер и Маргарита,Киномакс-Сапфир
2 марта,Суббота,18:40,Кот и пёс,Киномакс-Сапфир
2 марта,Суббота,18:45,Пчеловод,Владивосток
2 марта,Суббота,19:00,Лёд 3,Киномакс-Сапфир
2 марта,Суббота,19:30,Мастер и Маргарита,Киномакс-Сапфир
2 марта,Суббота,19:40,Лёд 3,Киномакс-Сапфир
2 марта,Суббота,19:45,Лёд 3,Владивосток
2 марта,Суббота,19:50,Командир,Нептун
2 марта,Суббота,20:10,Лёд 3,Киномакс-Сапфир
2 марта,Суббота,20:15,Командир,Владивосток
2 марта,Суббота,20:40,Мастер и Маргарита,Киномакс-Сапфир
2 марта,Суббота,20:45,Наполеон,Владивосток
2 марта,Суббота,20:50,Лёд 3,Киномакс-Сапфир
2 марта,Суббота,21:00,Первая ведьма: Реинкарнация,Киномакс-Сапфир
2 марта,Суббота,21:40,Мастер и Маргарита,Киномакс-Сапфир
2 марта,Суббота,21:50,Лёд 3,Киномакс-Сапфир
2 марта,Суббота,22:15,Лёд 3,Нептун
2 марта,Суббота,22:30,Май декабрь,Киномакс-Сапфир
2 марта,Суббота,22:40,Мастер и Маргарита,Киномакс-Сапфир
2 марта,Суббота,22:55,Лёд 3,Киномакс-Сапфир
2 марта,Суббота,23:30,Холоп 2,Киномакс-Сапфир
2 марта,Суббота,23:40,Лёд 3,Киномакс-Сапфир
2 марта,Суббота,23:50,Нечисть,Киномакс-Сапфир
3 марта,Воскресенье,10:00,Супер Крылья. Фильм,Владивосток
3 марта,Воскресенье,10:00,Миграция,Владивосток
3 марта,Воскресенье,10:00,Сезон охоты. Суперкоманда,Нептун
3 марта,Воскресенье,10:15,МУЛЬТ в кино. Выпуск №166. Совершенно новый выпуск,Киномакс-Сапфир
3 марта,Воскресенье,10:20,Кот и пёс,Киномакс-Сапфир
3 марта,Воскресенье,10:30,Лёд 3,Киномакс-Сапфир
3 марта,Воскресенье,10:30,Сезон охоты. Суперкоманда,Владивосток
3 марта,Воскресенье,10:35,Три богатыря и Пуп Земли,Киномакс-Сапфир
3 марта,Воскресенье,10:40,Лонки – великий обманщик,Киномакс-Сапфир
3 марта,Воскресенье,11:00,Воздух,Киномакс-Сапфир
3 марта,Воскресенье,11:10,Супер Крылья. Фильм,Киномакс-Сапфир
3 марта,Воскресенье,11:20,Бременские музыканты,Киномакс-Сапфир
3 марта,Воскресенье,11:35,Кот и пёс,Нептун
3 марта,Воскресенье,11:45,Звериный рейс,Владивосток
3 марта,Воскресенье,11:50,Лёд 3,Киномакс-Сапфир
3 марта,Воскресенье,11:50,Орион и Тьма,Владивосток
3 марта,Воскресенье,12:10,Вонка,Владивосток
3 марта,Воскресенье,12:20,Мастер и Маргарита,Киномакс-Сапфир
3 марта,Воскресенье,12:30,Лонки – великий обманщик,Киномакс-Сапфир
3 марта,Воскресенье,12:35,Лёд 3,Киномакс-Сапфир
3 марта,Воскресенье,13:10,Мастер и Маргарита,Киномакс-Сапфир
3 марта,Воскресенье,13:15,МУЛЬТ в кино. Выпуск №166. Совершенно новый выпуск,Нептун
3 марта,Воскресенье,13:20,Лёд 3,Киномакс-Сапфир
3 марта,Воскресенье,13:40,Лонки – великий обманщик,Владивосток
3 марта,Воскресенье,13:40,Аквамен и потерянное царство,Владивосток
3 марта,Воскресенье,13:50,В Арктику,Киномакс-Сапфир
3 марта,Воскресенье,14:00,Лёд 3,Киномакс-Сапфир
3 марта,Воскресенье,14:10,Лонки – великий обманщик,Нептун
3 марта,Воскресенье,14:20,Рыбка Поньо на утесе,Киномакс-Сапфир
3 марта,Воскресенье,14:25,Рыбка Поньо на утесе,Владивосток
3 марта,Воскресенье,14:40,Лёд 3,Киномакс-Сапфир
3 марта,Воскресенье,15:20,Лёд 3,Киномакс-Сапфир
3 марта,Воскресенье,15:20,Кот и пёс,Владивосток
3 марта,Воскресенье,15:25,Мастер и Маргарита,Киномакс-Сапфир
3 марта,Воскресенье,15:35,Кот и пёс,Нептун
3 марта,Воскресенье,16:00,Лёд 3,Владивосток
3 марта,Воскресенье,16:05,Лёд 3,Киномакс-Сапфир
3 марта,Воскресенье,16:10,Бременские музыканты,Киномакс-Сапфир
3 марта,Воскресенье,16:20,Мастер и Маргарита,Киномакс-Сапфир
3 марта,Воскресенье,16:25,Лонки – великий обманщик,Владивосток
3 марта,Воскресенье,16:30,Лонки – великий обманщик,Киномакс-Сапфир
3 марта,Воскресенье,16:50,Лёд 3,Киномакс-Сапфир
3 марта,Воскресенье,17:15,Лёд 3,Нептун
3 марта,Воскресенье,17:25,Лёд 3,Киномакс-Сапфир
3 марта,Воскресенье,17:25,Аквамен и потерянное царство,Владивосток
3 марта,Воскресенье,18:05,Лёд 3,Киномакс-Сапфир
3 марта,Воскресенье,18:05,Кот и пёс,Владивосток
3 марта,Воскресенье,18:20,Командир,Киномакс-Сапфир
3 марта,Воскресенье,18:30,Мастер и Маргарита,Киномакс-Сапфир
3 марта,Воскресенье,18:40,Кот и пёс,Киномакс-Сапфир
3 марта,Воскресенье,18:45,Пчеловод,Владивосток
3 марта,Воскресенье,19:00,Лёд 3,Киномакс-Сапфир
3 марта,Воскресенье,19:30,Мастер и Маргарита,Киномакс-Сапфир
3 марта,Воскресенье,19:40,Лёд 3,Киномакс-Сапфир
3 марта,Воскресенье,19:45,Лёд 3,Владивосток
3 марта,Воскресенье,19:50,Командир,Нептун
3 марта,Воскресенье,20:10,Лёд 3,Киномакс-Сапфир
3 марта,Воскресенье,20:15,Командир,Владивосток
3 марта,Воскресенье,20:40,Мастер и Маргарита,Киномакс-Сапфир
3 марта,Воскресенье,20:45,Наполеон,Владивосток
3 марта,Воскресенье,20:50,Лёд 3,Киномакс-Сапфир
3 марта,Воскресенье,21:00,Первая ведьма: Реинкарнация,Киномакс-Сапфир
3 марта,Воскресенье,21:40,Мастер и Маргарита,Киномакс-Сапфир
3 марта,Воскресенье,21:50,Лёд 3,Киномакс-Сапфир
3 марта,Воскресенье,22:15,Лёд 3,Нептун
3 марта,Воскресенье,22:30,Май декабрь,Киномакс-Сапфир
3 марта,Воскресенье,22:40,Мастер и Маргарита,Киномакс-Сапфир
3 марта,Воскресенье,22:55,Лёд 3,Киномакс-Сапфир
3 марта,Воскресенье,23:30,Холоп 2,Киномакс-Сапфир
3 марта,Воскресенье,23:40,Лёд 3,Киномакс-Сапфир
3 марта,Воскресенье,23:50,Нечисть,Киномакс-Сапфир
4 марта,Понедельник,10:00,Сезон охоты. Суперкоманда,Нептун
4 марта,Понедельник,11:35,Кот и пёс,Нептун
4 марта,Понедельник,13:15,Лонки – великий обманщик,Нептун
4 марта,Понедельник,14:40,Кот и пёс,Нептун
4 марта,Понедельник,16:20,Командир,Нептун
4 марта,Понедельник,18:45,Лёд 3,Нептун
4 марта,Понедельник,19:00,Хичкок,Уссури
4 марта,Понедельник,21:20,Лёд 3,Нептун
5 марта,Вторник,10:00,Сезон охоты. Суперкоманда,Нептун
5 марта,Вторник,11:35,Кот и пёс,Нептун
5 марта,Вторник,13:15,Лонки – великий обманщик,Нептун
5 марта,Вторник,14:40,Кот и пёс,Нептун
5 марта,Вторник,16:20,Командир,Нептун
5 марта,Вторник,18:45,Лёд 3,Нептун
5 марта,Вторник,19:00,Театр в кино: Стиффелио,Океан IMAX
5 марта,Вторник,21:20,Лёд 3,Нептун
6 марта,Среда,10:00,Сезон охоты. Суперкоманда,Нептун
6 марта,Среда,11:35,Кот и пёс,Нептун
6 марта,Среда,13:15,Лонки – великий обманщик,Нептун
6 марта,Среда,14:40,Кот и пёс,Нептун
6 марта,Среда,16:20,Командир,Нептун
6 марта,Среда,18:45,Лёд 3,Нептун
6 марта,Среда,19:00,#АртЛекторийВкино: Босх: Сад сновидений,Уссури
6 марта,Среда,21:20,Лёд 3,Нептун
7 марта,Четверг,10:15,Онегин,Киномакс-Сапфир
7 марта,Четверг,13:10,Онегин,Киномакс-Сапфир
7 марта,Четверг,16:05,Онегин,Киномакс-Сапфир
7 марта,Четверг,19:00,Онегин,Киномакс-Сапфир
8 марта,Пятница,10:15,Онегин,Киномакс-Сапфир
8 марта,Пятница,13:10,Онегин,Киномакс-Сапфир
8 марта,Пятница,16:05,Онегин,Киномакс-Сапфир
8 марта,Пятница,19:00,Онегин,Киномакс-Сапфир
9 марта,Суббота,10:15,Онегин,Киномакс-Сапфир
9 марта,Суббота,13:10,Онегин,Киномакс-Сапфир
9 марта,Суббота,16:05,Онегин,Киномакс-Сапфир
9 марта,Суббота,19:00,Онегин,Киномакс-Сапфир
10 марта,Воскресенье,10:15,Онегин,Киномакс-Сапфир
10 марта,Воскресенье,13:10,Онегин,Киномакс-Сапфир
10 марта,Воскресенье,16:05,Онегин,Киномакс-Сапфир
10 марта,Воскресенье,19:00,Онегин,Киномакс-Сапфир
11 марта,Понедельник,19:00,Шоссе в никуда,Уссури
12 марта,Вторник,19:00,Чайка,Океан IMAX
18 марта,Понедельник,19:00,Цвет граната,Уссури
19 марта,Вторник,19:00,Йонас Кауфман: Арена ди Верона,Океан IMAX
20 марта,Среда,19:00,#АртЛекторийВкино: Тени Гойи,Уссури
